SFLDS00014	SFLDG01052
SFLDS00014	SFLDG00301	SFLDF00157
SFLDS00014	SFLDG00301	SFLDF00158
SFLDS00036	SFLDG01162
SFLDS00036	SFLDG01163
SFLDS00019	SFLDG00363	SFLDG01205
SFLDS00019	SFLDG01183	SFLDG01204
SFLDS00019	SFLDG00358	SFLDG01150
SFLDS00019	SFLDG00358	SFLDG01151
SFLDS00019	SFLDG00358	SFLDG01152
SFLDS00019	SFLDG00358	SFLDG01153
SFLDS00019	SFLDG00358	SFLDG01154
SFLDS00019	SFLDG00358
SFLDS00019	SFLDG00358
SFLDS00019	SFLDG00358
SFLDS00019	SFLDG00358
SFLDS00019	SFLDG00358
SFLDS00019	SFLDG00358
SFLDS00019	SFLDG00358
SFLDS00019	SFLDG00358
SFLDS00019	SFLDG00358
SFLDS00019	SFLDG00358
SFLDS00019	SFLDG00358
SFLDS00019	SFLDG00358
SFLDS00019	SFLDG00358
SFLDS00019	SFLDG00358
SFLDS00019	SFLDG00358
SFLDS00019	SFLDG00358
SFLDS00019	SFLDG00358
SFLDS00019	SFLDG00358
SFLDS00019	SFLDG00358
SFLDS00019	SFLDG00358
SFLDS00019	SFLDG00358
SFLDS00019	SFLDG00358
SFLDS00019	SFLDG00358
SFLDS00019	SFLDG01182	SFLDG01203
SFLDS00019	SFLDG01180	SFLDG01200
SFLDS00019	SFLDG01181	SFLDG01201
SFLDS00019	SFLDG01181	SFLDG01202
SFLDS00019	SFLDG01148	SFLDG01206
SFLDS00001	SFLDG00178	SFLDF00002
SFLDS00001	SFLDG00309	SFLDF00162
SFLDS00001	SFLDG00055	SFLDF00005
SFLDS00001	SFLDG00179	SFLDF00557
SFLDS00001	SFLDG00179	SFLDF00156
SFLDS00001	SFLDG00179	SFLDF00003
SFLDS00001	SFLDG00179	SFLDF00118
SFLDS00001	SFLDG00179	SFLDF00563
SFLDS00001	SFLDG00179	SFLDF00553
SFLDS00001	SFLDG00179	SFLDF00008
SFLDS00001	SFLDG00179	SFLDF00111
SFLDS00001	SFLDG00179	SFLDF00270
SFLDS00001	SFLDG00179	SFLDF00554
SFLDS00001	SFLDG00179	SFLDF00134
SFLDS00001	SFLDG00179	SFLDF00004
SFLDS00001	SFLDG00179	SFLDF00006
SFLDS00001	SFLDG00179	SFLDF00552
SFLDS00001	SFLDG00179	SFLDF00564
SFLDS00001	SFLDG00033	SFLDF00001
SFLDS00001	SFLDG00151	SFLDF00007
SFLDS00001	SFLDG00180	SFLDF00556
SFLDS00001	SFLDG00180	SFLDF00555
SFLDS00001	SFLDG00180	SFLDF00010
SFLDS00001	SFLDG00180	SFLDF00155
SFLDS00001	SFLDG00180	SFLDF00116
SFLDS00001	SFLDG00180	SFLDF00154
SFLDS00001	SFLDG00180	SFLDF00009
SFLDS00001	SFLDG00180	SFLDG01258
SFLDS00003	SFLDG01124
SFLDS00003	SFLDG01125
SFLDS00003	SFLDG01126	SFLDG01145
SFLDS00003	SFLDG01126	SFLDG01146
SFLDS00003	SFLDG01127
SFLDS00003	SFLDG01128
SFLDS00003	SFLDG01129	SFLDG01130	SFLDF00040
SFLDS00003	SFLDG01129	SFLDG01131	SFLDF00041
SFLDS00003	SFLDG01129	SFLDG01132
SFLDS00003	SFLDG01129	SFLDG01133	SFLDF00044
SFLDS00003	SFLDG01129	SFLDG01134	SFLDF00028
SFLDS00003	SFLDG01129	SFLDG01135	SFLDF00031
SFLDS00003	SFLDG01129	SFLDG01135	SFLDF00045
SFLDS00003	SFLDG01129	SFLDG01135	SFLDF00046
SFLDS00003	SFLDG01129	SFLDG01135	SFLDF00037
SFLDS00003	SFLDG01129	SFLDG01135	SFLDF00035
SFLDS00003	SFLDG01129	SFLDG01135	SFLDF00038
SFLDS00003	SFLDG01136	SFLDG01137	SFLDF00029
SFLDS00003	SFLDG01136	SFLDG01138	SFLDF00036
SFLDS00003	SFLDG00002	SFLDF00027
SFLDS00003	SFLDG00010
SFLDS00003	SFLDG01139	SFLDF00039
SFLDS00003	SFLDG01139
SFLDS00003	SFLDG01140	SFLDF00032
SFLDS00003	SFLDG01140	SFLDG01141	SFLDF00043
SFLDS00003	SFLDG01140	SFLDG01142	SFLDF00042
SFLDS00003	SFLDG01140	SFLDG01143	SFLDF00445
SFLDS00003	SFLDG01140	SFLDG01144	SFLDF00446
SFLDS00005	SFLDG01211
SFLDS00005	SFLDG01017
SFLDS00005	SFLDG01018
SFLDS00005	SFLDG01018
SFLDS00005	SFLDG01018	SFLDG01212
SFLDS00005	SFLDG01019	SFLDG01604
SFLDS00005	SFLDG01020
SFLDS00005	SFLDG01021
SFLDG01179
SFLDG01015
SFLDG01016
SFLDG01014	SFLDG01605
SFLDS00029	SFLDF00376
SFLDS00029	SFLDF00300
SFLDS00029	SFLDF00357
SFLDS00029	SFLDG01065	SFLDF00545
SFLDS00029	SFLDG01065	SFLDF00311
SFLDS00029	SFLDG01065	SFLDF00562
SFLDS00029	SFLDG01065	SFLDF00288
SFLDS00029	SFLDG01065	SFLDF00277
SFLDS00029	SFLDG01065	SFLDF00310
SFLDS00029	SFLDG01065	SFLDG01122	SFLDF00434
SFLDS00029	SFLDG01065	SFLDG01122	SFLDF00439
SFLDS00029	SFLDG01065	SFLDG01122	SFLDF00432
SFLDS00029	SFLDG01088	SFLDF00318
SFLDS00029	SFLDG01117	SFLDF00421
SFLDS00029	SFLDG01082	SFLDF00302
SFLDS00029	SFLDG01082	SFLDF00324
SFLDS00029	SFLDG01082	SFLDF00404
SFLDS00029	SFLDG01082	SFLDF00415
SFLDS00029	SFLDG01082	SFLDF00430
SFLDS00029	SFLDG01082	SFLDF00568
SFLDS00029	SFLDG01082	SFLDF00422
SFLDS00029	SFLDG01082	SFLDG01123	SFLDF00326
SFLDS00029	SFLDG01082	SFLDG01123	SFLDF00414
SFLDS00029	SFLDG01082	SFLDG01123	SFLDF00307
SFLDS00029	SFLDG01082	SFLDG01123	SFLDF00435
SFLDS00029	SFLDG01082	SFLDG01123	SFLDF00306
SFLDS00029	SFLDG01082	SFLDG01123	SFLDF00402
SFLDS00029	SFLDG01082	SFLDG01123	SFLDF00423
SFLDS00029	SFLDG01082	SFLDG01123	SFLDF00416
SFLDS00029	SFLDG01082	SFLDG01123	SFLDF00417
SFLDS00029	SFLDG01082	SFLDG01123	SFLDF00329
SFLDS00029	SFLDG01082	SFLDG01123	SFLDF00303
SFLDS00029	SFLDG01082	SFLDG01123	SFLDF00565
SFLDS00029	SFLDG01082	SFLDG01123
SFLDS00029	SFLDG01082	SFLDG01123	SFLDF00436
SFLDS00029	SFLDG01082	SFLDG01123	SFLDF00418
SFLDS00029	SFLDG01082	SFLDG01123	SFLDF00438
SFLDS00029	SFLDG01082	SFLDG01123	SFLDF00403
SFLDS00029	SFLDG01082	SFLDG01123	SFLDF00317
SFLDS00029	SFLDG01082	SFLDG01123	SFLDF00322
SFLDS00029	SFLDG01082	SFLDG01217
SFLDS00029	SFLDG01060	SFLDG01081	SFLDF00301
SFLDS00029	SFLDG01060	SFLDG01081	SFLDF00419
SFLDS00029	SFLDG01060	SFLDG01081	SFLDF00319
SFLDS00029	SFLDG01060	SFLDG01278	SFLDF00272
SFLDS00029	SFLDG01060	SFLDG01279	SFLDF00330
SFLDS00029	SFLDG01060	SFLDG01280	SFLDF00349
SFLDS00029	SFLDG01060	SFLDG01280	SFLDF00348
SFLDS00029	SFLDG01116	SFLDF00425
SFLDS00029	SFLDG01086	SFLDF00344
SFLDS00029	SFLDG01064	SFLDG01388	SFLDF00293
SFLDS00029	SFLDG01064	SFLDG01388	SFLDF00294
SFLDS00029	SFLDG01064	SFLDG01389	SFLDF00343
SFLDS00029	SFLDG01064	SFLDG01389	SFLDF00342
SFLDS00029	SFLDG01068	SFLDF00281
SFLDS00029	SFLDG01058	SFLDF00271
SFLDS00029	SFLDG01061	SFLDF00273
SFLDS00029	SFLDG01061	SFLDF00413
SFLDS00029	SFLDG01061	SFLDF00274
SFLDS00029	SFLDG01061	SFLDF00295
SFLDS00029	SFLDG01062	SFLDF00275
SFLDS00029	SFLDG01061	SFLDF00296
SFLDS00029	SFLDG01100	SFLDF00385
SFLDS00029	SFLDG01066	SFLDF00279
SFLDS00029	SFLDG01066	SFLDG01063	SFLDF00299
SFLDS00029	SFLDG01066	SFLDG01118	SFLDF00297
SFLDS00029	SFLDG01066	SFLDG01118	SFLDF00298
SFLDS00029	SFLDG01066	SFLDG01118	SFLDF00278
SFLDS00029	SFLDG01066	SFLDG01118	SFLDF00392
SFLDS00029	SFLDG01070	SFLDF00291
SFLDS00029	SFLDG01070	SFLDF00290
SFLDS00029	SFLDG01070	SFLDF00283
SFLDS00029	SFLDG01070	SFLDF00314
SFLDS00029	SFLDG01067	SFLDF00397
SFLDS00029	SFLDG01067	SFLDF00517
SFLDS00029	SFLDG01067	SFLDF00347
SFLDS00029	SFLDG01067	SFLDF00546
SFLDS00029	SFLDG01067	SFLDF00569
SFLDS00029	SFLDG01067	SFLDF00429
SFLDS00029	SFLDG01067	SFLDG01386	SFLDF00280
SFLDS00029	SFLDG01067	SFLDG01386	SFLDG01072	SFLDF00289
SFLDS00029	SFLDG01067	SFLDG01386	SFLDG01072	SFLDF00285
SFLDS00029	SFLDG01067	SFLDG01386	SFLDG01216	SFLDF00315
SFLDS00029	SFLDG01067	SFLDG01386	SFLDG01216	SFLDF00515
SFLDS00029	SFLDG01067	SFLDG01386	SFLDG01216	SFLDF00365
SFLDS00029	SFLDG01067	SFLDG01386	SFLDG01216	SFLDF00516
SFLDS00029	SFLDG01067	SFLDG01386	SFLDG01383	SFLDF00276
SFLDS00029	SFLDG01067	SFLDG01386	SFLDG01384	SFLDF00336
SFLDS00029	SFLDG01067	SFLDG01386	SFLDG01384	SFLDF00571
SFLDS00029	SFLDG01067	SFLDG01386	SFLDG01385	SFLDF00543
SFLDS00029	SFLDG01067	SFLDG01386	SFLDG01385	SFLDF00542
SFLDS00029	SFLDG01067	SFLDG01386	SFLDG01385	SFLDF00316
SFLDS00029	SFLDG01067	SFLDG01386	SFLDG01385	SFLDF00393
SFLDS00029	SFLDG01067	SFLDG01387	SFLDF00424
SFLDS00029	SFLDG01067	SFLDG01387	SFLDF00570
SFLDS00029	SFLDG01119	SFLDF00420
SFLDS00029	SFLDG01079	SFLDF00292
SFLDS00029	SFLDG01079	SFLDF00412
SFLDS00029	SFLDG01071	SFLDF00284
SFLDS00029	SFLDG01083
SFLDS00029	SFLDG01097
SFLDS00029	SFLDG01098
SFLDS00029	SFLDG01099
SFLDS00029	SFLDG01101
SFLDS00029	SFLDG01102
SFLDS00029	SFLDG01103
SFLDS00029	SFLDG01104
SFLDS00029
SFLDS00029	SFLDG01084
SFLDS00029	SFLDG01107
SFLDS00029	SFLDG01108
SFLDS00029	SFLDG01109
SFLDS00029	SFLDG01113
SFLDS00029	SFLDG01111
SFLDS00029	SFLDG01094
SFLDS00029	SFLDG01095
SFLDS00029	SFLDG01110
SFLDS00029	SFLDG01091
SFLDS00029	SFLDG01069
SFLDS00032	SFLDG01121	SFLDF00408
SFLDS00113	SFLDG01114	SFLDF00407
SFLDS00033	SFLDG01115	SFLDF00379
